[
    {     
        "name": "Ledvadva",
        "description": "Description 1",
        "image": "",
        "genre": "co-op",
        "autor": "Šimon Bendl"
    },
    {
        "name": "Dave's Balls",
        "description": "Description 2",
        "image": "https://via.placeholder.com/150",
        "genre": "sport",
        "autor": "David Kyndl"
    },
    {

        "name": "Runner",
        "description": "Description 3",
        "image": "https://via.placeholder.com/150",
        "genre": "endless",
        "autor": "Hana Hajná"
    }
    
]